Name,Sequence
CRISPR-Lib-Fwd-1,CGTCCGCACAAACCC
CRISPR-Lib-Fwd-2,GTCGGACCGGAGTGT
CRISPR-Lib-Fwd-3,AAGTGCCCTTCCCGT
CRISPR-Lib-Fwd-4,ACCTCATGTGGCCGA
CRISPR-Lib-Fwd-5,ACTGATGCGCGGTCT
CRISPR-Lib-Fwd-6,AGGGCCGCGACTACC
CRISPR-Lib-Fwd-7,CACCTGCGGCGTTCT
CRISPR-Lib-Fwd-8,GACCGCCTGCCCATC
CRISPR-Lib-Fwd-9,GACCGTGCGACTGGG
CRISPR-Lib-Fwd-10,GCCTAACGCCCGTCC
CRISPR-Lib-Fwd-11,GGCCGCACCCAGTAG
CRISPR-Lib-Fwd-12,GGGTCACGGCTCCAC
CRISPR-Lib-Fwd-13,TAGACCGCGCCCAGA
CRISPR-Lib-Fwd-14,GGTGTTAGCGCTCGG
CRISPR-Lib-Fwd-15,GTCACGGCCCTCTCC
CRISPR-Lib-Fwd-16,CTGTGATCCCGCCGT
CRISPR-Lib-Fwd-17,GTCGGCCCGTGGTAG
CRISPR-Lib-Fwd-18,CGTACCTTCGCCCGT
CRISPR-Lib-Fwd-19,GGGCTCGCGGTGTTC
CRISPR-Lib-Fwd-20,AGCGCGATTCAGCCA
CRISPR-Lib-Fwd-21,CGAAGCGCCCTCCAC
CRISPR-Lib-Fwd-22,TCGCCCGACCTCTCA
CRISPR-Lib-Fwd-23,TCTGCAGCCACGTCA
CRISPR-Lib-Fwd-24,TTCAGCGCCGTCCAG
CRISPR-Lib-Rev-1,AAGCGAGAGGTGGCC
CRISPR-Lib-Rev-2,GAACCGGGCGCAGAA
CRISPR-Lib-Rev-3,AATCCGTGGGCAGGC
CRISPR-Lib-Rev-4,GGTTGGGTCGTGGCA
CRISPR-Lib-Rev-5,GGACACACCGCACGA
CRISPR-Lib-Rev-6,GGTGCGGGAACTCGA
CRISPR-Lib-Rev-7,CTGCGCGATCCCTGA
CRISPR-Lib-Rev-8,GGCTTACTCGCGCAC
CRISPR-Lib-Rev-9,AGGTGCGTGGGTCAA
CRISPR-Lib-Rev-10,AGTTGGAGCCCGCAC
CRISPR-Lib-Rev-11,AGCATGTGTCCGGCC
CRISPR-Lib-Rev-12,CTGACACGGGCGCAA
CRISPR-Lib-Rev-13,AGGGCCGGTTCAACG
